Country (Institute),Target,Oligonucleotide,Sequence
New Zealand (Massey University),ORF1ab,SARSCoV_1200_1_F,ACCAACCAACTTTCGATCTCTTGT
New Zealand (Massey University),ORF1ab,SARSCoV_1200_1_R,GGTTGCATTCATTTGGTGACGC
New Zealand (Massey University),ORF1ab,SARSCoV_1200_2_F,CCATAATCAAGACTATTCAACCAAGGGT
New Zealand (Massey University),ORF1ab,SARSCoV_1200_2_R,ACAGGTGACAATTTGTCCACCG
New Zealand (Massey University),ORF1ab,SARSCoV_1200_3_F,GGCTTGAAGAGAAGTTTAAGGAAGGT
New Zealand (Massey University),ORF1ab,SARSCoV_1200_3_R,GATTGTCCTCACTGCCGTCTTG
New Zealand (Massey University),ORF1ab,SARSCoV_1200_4_F,GGAATTTGGTGCCACTTCTGCT
New Zealand (Massey University),ORF1ab,SARSCoV_1200_4_R,CCTGACCCGGGTAAGTGGTTAT
New Zealand (Massey University),ORF1ab,SARSCoV_1200_5_F,ACCTACTAAAAAGGCTGGTGGC
New Zealand (Massey University),ORF1ab,SARSCoV_1200_5_R,AGCATCTTGTAGAGCAGGTGGA
New Zealand (Massey University),ORF1ab,SARSCoV_1200_6_F,ACTTCTATTAAATGGGCAGATAACAACTG
New Zealand (Massey University),ORF1ab,SARSCoV_1200_6_R,GATTATCCATTCCCTGCGCGTC
New Zealand (Massey University),ORF1ab,SARSCoV_1200_7_F,ACCTGGTGTATACGTTGTCTTTGG
New Zealand (Massey University),ORF1ab,SARSCoV_1200_7_R,GCTGAAATCGGGGCCATTTGTA
New Zealand (Massey University),ORF1ab,SARSCoV_1200_8_F,CAATCATGCAATTGTTTTTCAGCTATTTTG
New Zealand (Massey University),ORF1ab,SARSCoV_1200_8_R,TGACTTTTTGCTACCTGCGCAT
New Zealand (Massey University),ORF1ab,SARSCoV_1200_9_F,AGAAGTTACTGGCGATAGTTGTAATAACT
New Zealand (Massey University),ORF1ab,SARSCoV_1200_9_R,TGCTGATATGTCCAAAGCACCA
New Zealand (Massey University),ORF1ab,SARSCoV_1200_10_F,TTTACCAGGAGTTTTCTGTGGTGT
New Zealand (Massey University),ORF1ab,SARSCoV_1200_10_R,TGGGCCTCATAGCACATTGGTA
New Zealand (Massey University),ORF1ab,SARSCoV_1200_11_F,AGACACCTAAGTATAAGTTTGTTCGCA
New Zealand (Massey University),ORF1ab,SARSCoV_1200_11_R,GCCCACATGGAAATGGCTTGAT
New Zealand (Massey University),ORF1ab,SARSCoV_1200_12_F,ATGGTGCTAGGAGAGTGTGGAC
New Zealand (Massey University),ORF1ab,SARSCoV_1200_12_R,GGATTTCCCACAATGCTGATGC
New Zealand (Massey University),ORF1ab,SARSCoV_1200_13_F,ACCTCTTACAACAGCAGCCAAAC
New Zealand (Massey University),ORF1ab,SARSCoV_1200_13_R,CGTCCTTTTCTTGGAAGCGACA
New Zealand (Massey University),ORF1ab,SARSCoV_1200_14_F,ACAGGCACTAGTACTGATGTCGT
New Zealand (Massey University),ORF1ab,SARSCoV_1200_14_R,GTGCAGCTACTGAAAAGCACGT
New Zealand (Massey University),ORF1ab,SARSCoV_1200_15_F,TTTTAAGGAATTACTTGTGTATGCTGCT
New Zealand (Massey University),ORF1ab,SARSCoV_1200_15_R,ACACACAACAGCATCGTCAGAG
New Zealand (Massey University),ORF1ab,SARSCoV_1200_16_F,ACAACACAGACTTTATGAGTGTCTCT
New Zealand (Massey University),ORF1ab,SARSCoV_1200_16_R,CTCTGTCAGACAGCACTTCACG
New Zealand (Massey University),ORF1ab,SARSCoV_1200_17_F,TCAAGCTTTTTGCAGCAGAAACG
New Zealand (Massey University),ORF1ab,SARSCoV_1200_17_R,CCAAGCAGGGTTACGTGTAAGG
New Zealand (Massey University),ORF1ab,SARSCoV_1200_18_F,GCACATAAAGACAAATCAGCTCAATGC
New Zealand (Massey University),ORF1ab,SARSCoV_1200_18_R,TGTCTGAAGCAGTGGAAAAGCA
New Zealand (Massey University),ORF1ab,SARSCoV_1200_19_F,GGCACATGGCTTTGAGTTGACA
New Zealand (Massey University),ORF1ab,SARSCoV_1200_19_R,CCTGTTGTCCATCAAAGTGTCCC
New Zealand (Massey University),ORF1ab,SARSCoV_1200_20_F,ACAATTTGATACTTATAACCTCTGGAACAC
New Zealand (Massey University),ORF1ab,SARSCoV_1200_20_R,GATTAGGCATAGCAACACCCGG
New Zealand (Massey University),ORF1ab,SARSCoV_1200_21_F,TCTGTAGTTTCTAAGGTTGTCAAAGTGA
New Zealand (Massey University),ORF1ab,SARSCoV_1200_21_R,GCAGGGGGTAATTGAGTTCTGG
New Zealand (Massey University),S,SARSCoV_1200_22_F,GTGATGTTCTTGTTAACAACTAAACGAACA
New Zealand (Massey University),S,SARSCoV_1200_22_R,AACAGATGCAAATCTGGTGGCG
New Zealand (Massey University),S,SARSCoV_1200_23_F,ACTTTAGAGTCCAACCAACAGAATCT
New Zealand (Massey University),S,SARSCoV_1200_23_R,TGACTAGCTACACTACGTGCCC
New Zealand (Massey University),S,SARSCoV_1200_24_F,GCTGAACATGTCAACAACTCATATGA
New Zealand (Massey University),S,SARSCoV_1200_24_R,ATGAGGTGCTGACTGAGGGAAG
New Zealand (Massey University),S,SARSCoV_1200_25_F,TGCTGCTACTAAAATGTCAGAGTGT
New Zealand (Massey University),S,SARSCoV_1200_25_R,CATTTCCAGCAAAGCCAAAGCC
New Zealand (Massey University),E,SARSCoV_1200_26_F,GCCTTGAAGCCCCTTTTCTCTA
New Zealand (Massey University),E,SARSCoV_1200_26_R,AATGACCACATGGAACGCGTAC
New Zealand (Massey University),M,SARSCoV_1200_27_F,TGGATCACCGGTGGAATTGCTA
New Zealand (Massey University),M,SARSCoV_1200_27_R,TGTTCGTTTAGGCGTGACAAGT
New Zealand (Massey University),N,SARSCoV_1200_28_F,TTTGTGCTTTTTAGCCTTTCTGCT
New Zealand (Massey University),N,SARSCoV_1200_28_R,GTTTGGCCTTGTTGTTGTTGGC
New Zealand (Massey University),N,SARSCoV_1200_29_F,TGAGGGAGCCTTGAATACACCA
New Zealand (Massey University),N,SARSCoV_1200_29_R,TAGGCAGCTCTCCCTAGCATTG
